station,lat,lon,zone
Abbey Road,51.53195199,0.003723371,3
Abbey Wood,51.4907841,0.12027197,4
Acton,51.51688693,-0.267689952,3
Acton Central,51.50875778,-0.263430199,2
Acton Town,51.50307144,-0.280302701,3
Addington Village,51.35623859,-0.0326651,"3,4,5,6"
Addiscombe,51.37980829,-0.073213283,"3,4,5,6"
Albany Park,51.43581561,0.126444638,5
Aldgate,51.51434238,-0.075626913,1
Aldgate East,51.51508162,-0.073001463,1
Alexandra Palace,51.59826282,-0.120148972,3
All Saints,51.51047692,-0.012624885,2
Alperton,51.54120927,-0.299515759,4
Amersham,51.67412932,-0.606513789,9
Ampere Way,51.38229942,-0.123636799,"3,4,5,6"
Anerley,51.41251672,-0.0651371,4
Angel,51.53296802,-0.105581449,1
Angel Road,51.61242032,-0.048732919,4
Archway,51.56549053,-0.135121577,"2,3"
Arena,51.39152275,-0.05831855,"3,4,5,6"
Arnos Grove,51.61623014,-0.134270219,4
Arsenal,51.55854138,-0.105499934,2
Avenue Road,51.40679798,-0.049446937,"3,4,5,6"
Baker Street,51.52312962,-0.156904194,1
Balham,51.44318256,-0.152685163,3
Bank,51.51334706,-0.089000124,1
Banstead,51.32929312,-0.213132336,6
Barbican,51.52021528,-0.097721579,1
Barking,51.53952111,0.08083161,4
Barkingside,51.58585061,0.08847664,4
Barnehurst,51.46478029,0.160948022,6
Barnes,51.46712777,-0.242033062,3
Barnes Bridge,51.47222805,-0.252362617,3
Barons Court,51.49022868,-0.213430145,2
Battersea Park,51.47731832,-0.148123762,2
Bayswater,51.51211129,-0.187901574,1
Beckenham Hill,51.42462606,-0.016495762,4
Beckenham Junction,51.41094164,-0.025701739,4
Beckenham Road,51.40952975,-0.043391922,"3,4,5,6"
Beckton,51.51437663,0.061525297,3
Beckton Park,51.50890079,0.054821939,3
Becontree,51.53958541,0.126880292,5
Beddington Lane,51.38923988,-0.142138434,"3,4,5,6"
Belgrave Walk,51.40096165,-0.178496474,"3,4,5,6"
Bellingham,51.43386489,-0.02041177,3
Belmont,51.34411992,-0.199489253,5
Belsize Park,51.55019088,-0.163974493,2
Belvedere,51.491959,0.152033792,5
Bermondsey,51.49796078,-0.06433009,2
Berrylands,51.39876841,-0.280321477,5
Bethnal Green,51.52719174,-0.055392112,2
Bethnal Green Rail,51.52428274,-0.060013743,2
Bexley,51.44081453,0.148203913,6
Bexleyheath,51.46354996,0.133362965,5
Bickley,51.40037957,0.044304032,5
Birkbeck,51.40386309,-0.056286236,4
Blackfriars,51.51158693,-0.102995385,1
Blackheath,51.46540801,0.008336595,3
Blackhorse Lane,51.38474618,-0.070533948,"3,4,5,6"
Blackhorse Road,51.58577663,-0.039625712,3
Blackwall,51.50783154,-0.007235166,2
Bond Street,51.51379752,-0.14961361,1
Borough,51.50104887,-0.094197323,1
Boston Manor,51.49576554,-0.324747189,4
Bounds Green,51.60703192,-0.124177066,"3,4"
Bow Church,51.5276152,-0.020499899,2
Bow Road,51.52704181,-0.024359591,2
Bowes Park,51.60724951,-0.119792219,"3,4"
Brent Cross,51.57659922,-0.213335841,3
Brentford,51.48753631,-0.309622537,4
Brentwood,51.61361034,0.299672816,7
Brimsdown,51.65524461,-0.031092277,5
Brixton,51.4627368,-0.114552098,2
Brockley,51.46474966,-0.037748251,2
Bromley North,51.40894231,0.017235452,4
Bromley South,51.40000129,0.01735958,5
Bromley-by-Bow,51.5248402,-0.011682374,"2,3"
Brondesbury,51.54526236,-0.202838486,2
Brondesbury Park,51.54032537,-0.210473947,2
Broxbourne,51.74701557,-0.011024084,9
Bruce Grove,51.59401125,-0.07039899,3
Buckhurst Hill,51.62657666,0.046712541,5
Burnt Oak,51.60255191,-0.264330712,4
Bush Hill Park,51.64148196,-0.069280413,5
Bushey,51.64554416,-0.384721541,8
Caledonian Road,51.54788544,-0.118360862,2
Caledonian Road and Barnsbury,51.54328458,-0.115204857,2
Cambridge Heath,51.53205976,-0.057203201,2
Camden Road,51.54185123,-0.139203113,2
Camden Town,51.53996935,-0.142452381,2
Canada Water,51.49816841,-0.050807121,2
Canary Wharf,51.5035784,-0.01946684,2
Canning Town,51.51387029,0.008305633,3
Cannon Street,51.51136209,-0.090250527,1
Canonbury,51.54818839,-0.092574196,2
Canons Park,51.60765057,-0.294391597,5
Carpenders Park,51.62818672,-0.385829324,7
Carshalton,51.36842637,-0.166398328,5
Carshalton Beeches,51.35738684,-0.169496326,5
Castle Bar Park,51.52297367,-0.331504076,4
Caterham,51.28216282,-0.078607299,6
Catford,51.44426491,-0.026538499,3
Catford Bridge,51.44469463,-0.024821876,3
Centrale,51.37576747,-0.103888104,"3,4,5,6"
Chadwell Heath,51.56804688,0.128901112,5
Chafford Hundred,51.4855545,0.287475701,7
Chalfont and Latimer,51.66790748,-0.561067777,8
Chalk Farm,51.54414909,-0.153733071,2
Chancery Lane,51.51849402,-0.111962027,1
Charing Cross,51.50835863,-0.124802938,1
Charlton,51.48683499,0.030941645,3
Cheam,51.35546024,-0.214211284,5
Chelsfield,51.35626458,0.10898412,6
Chesham,51.70538002,-0.611429657,9
Cheshunt,51.70287331,-0.023887415,8
Chessington North,51.36424344,-0.300476129,6
Chessington South,51.35670453,-0.307089021,6
Chigwell,51.61785787,0.076179215,4
Chingford,51.63325337,0.009514326,5
Chipstead,51.30927498,-0.169445869,6
Chislehurst,51.40559841,0.057491821,5
Chiswick,51.48078149,-0.267013322,3
Chiswick Park,51.49437071,-0.267736922,3
Chorleywood,51.65426593,-0.518333927,7
Church Street,51.37370656,-0.104346829,"3,4,5,6"
City Thameslink,51.51393507,-0.103618449,1
Clapham Common,51.46180367,-0.138314902,2
Clapham High Street,51.46546951,-0.132464503,2
Clapham Junction,51.46436678,-0.170315002,2
Clapham North,51.46491621,-0.129910063,2
Clapham South,51.45267649,-0.14798407,"2,3"
Clapton,51.56156909,-0.057489458,2
Clock House,51.40854056,-0.040702093,4
Cobham and Stoke D'Abernon,51.31834719,-0.389036346,
Cockfosters,51.65202448,-0.149916711,5
Colindale,51.59523052,-0.250287544,4
Colliers Wood,51.41875919,-0.1774151,3
Coombe Lane,51.35978931,-0.059531571,"3,4,5,6"
Coulsdon South,51.31580094,-0.13790309,6
Covent Garden,51.51276023,-0.124506895,1
Crayford,51.44854676,0.178502716,6
Crews Hill,51.68447461,-0.106844101,6
Cricklewood,51.55842267,-0.212547934,3
Crofton Park,51.45517929,-0.036546582,3
Crossharbour and London Arena,51.49583998,-0.014932813,2
Crouch Hill,51.5713271,-0.117133285,3
Croxley,51.64700528,-0.441603798,7
Crystal Palace,51.41817035,-0.072607233,"3,4"
Custom House,51.50962206,0.02577251,3
Cutty Sark for Maritime Greenwich,51.48194447,-0.010581867,2
Cyprus,51.50852658,0.063840756,3
Dagenham Dock,51.5262872,0.145031014,5
Dagenham East,51.54418734,0.165833432,5
Dagenham Heathway,51.54121179,0.14767972,5
Dalston Junction,51.54609372,-0.074994205,2
Dalston Kingsland,51.54866782,-0.076226922,2
Dartford,51.44739964,0.218083548,
Debden,51.645492,0.083801475,6
Denmark Hill,51.46820064,-0.09098787,2
Deptford,51.47889008,-0.02619632,2
Deptford Bridge,51.47447677,-0.022052429,"2,3"
Devons Road,51.52225847,-0.018007754,2
Dollis Hill,51.55185059,-0.238797762,3
Drayton Green,51.51600468,-0.32961126,4
Drayton Park,51.55307831,-0.1057702,2
Dundonald Road,51.41739815,-0.207527113,"3,4,5,6"
Ealing Broadway,51.51486197,-0.302010381,3
Ealing Common,51.51024866,-0.287151418,3
Earls Court,51.49135667,-0.194313809,"1,2"
Earlsfield,51.44223881,-0.187272689,3
East Acton,51.51626341,-0.248112225,2
East Croydon,51.3757161,-0.091863496,5
East Dulwich,51.46162558,-0.080436572,2
East Finchley,51.58733254,-0.164743886,3
East Ham,51.53924616,0.051516293,"3,4"
East India,51.50868401,-0.002370332,"2,3"
East Putney,51.45887978,-0.210998234,"2,3"
Eastcote,51.57655182,-0.396823299,5
Eden Park,51.3907961,-0.026669716,5
Edgware,51.61422962,-0.275093666,5
Edgware Road (Bakerloo),51.52064536,-0.170539552,1
Edgware Road,51.51999804,-0.167668254,1
Edmonton Green,51.6251157,-0.061639019,4
Elephant & Castle,51.49584938,-0.100738715,"1,2"
Elm Park,51.54912458,0.197252682,6
Elmers End,51.39829111,-0.049463832,4
Elmstead Woods,51.41708063,0.044229343,4
Elstree and Borehamwood,51.65287558,-0.279828619,6
Eltham,51.45566222,0.052329308,4
Elverson Road,51.46837219,-0.016816376,"2,3"
Embankment,51.50731249,-0.122367337,1
Emerson Park,51.56911491,0.220222934,6
Enfield Chase,51.65272211,-0.090704205,5
Enfield Lock,51.67084612,-0.02839107,6
Enfield Town,51.65197007,-0.079329922,5
Epping,51.69368617,0.113825553,6
Epsom Downs,51.32365944,-0.238970227,6
Erith,51.48164768,0.174261289,6
Essex Road,51.54063331,-0.096365526,2
Euston,51.52866433,-0.133296472,1
Euston Square,51.52866433,-0.133296472,1
Ewell East,51.34524388,-0.241503001,6
Ewell West,51.34999114,-0.257089133,6
Fairlop,51.59610954,0.090593279,4
Falconwood,51.4590858,0.078509693,4
Farringdon,51.52019569,-0.104843062,1
Feltham,51.44787917,-0.409824481,6
Fenchurch Street,51.51156671,-0.078554153,1
Fieldway,51.35131701,-0.024503265,"3,4,5,6"
Finchley Central,51.60090325,-0.193220637,4
Finchley Road,51.5470962,-0.180050561,2
Finchley Road and Frognal,51.5501195,-0.183651203,2
Finsbury Park,51.56463545,-0.105881486,2
Forest Gate,51.54931612,0.024189092,3
Forest Hill,51.43930831,-0.053328504,3
Fulham Broadway,51.4802609,-0.195544164,2
Fulwell,51.43394257,-0.349438525,6
Gallions Reach,51.50903414,0.071775394,3
Gants Hill,51.57655295,0.066084098,4
George Street,51.37396606,-0.098718105,"3,4,5,6"
Gidea Park,51.58186575,0.205976981,6
Gipsy Hill,51.42446952,-0.083835168,3
Gloucester Road,51.49449956,-0.18354356,1
Golders Green,51.57221553,-0.194834559,3
Goldhawk Road,51.50207697,-0.227404006,2
Goodge Street,51.52061311,-0.13480769,1
Goodmayes,51.56618098,0.111729654,4
Gordon Hill,51.66350224,-0.0944733,5
Gospel Oak,51.55540529,-0.151301033,2
Grange Hill,51.61348043,0.09227253,4
Grange Park,51.64262308,-0.097314424,5
Gravel Hill,51.35454326,-0.043121699,"3,4,5,6"
Great Portland Street,51.5237888,-0.143961425,1
Green Park,51.50676048,-0.142477576,1
Greenford,51.54198007,-0.34587874,4
Greenwich,51.47754766,-0.014863084,"2,3"
Grove Park,51.43043264,0.022598502,4
Gunnersbury,51.49186341,-0.275164136,3
Hackbridge,51.3778609,-0.153879198,4
Hackney Central,51.54725744,-0.055589512,2
Hackney Downs,51.54907809,-0.060185105,2
Hackney Wick,51.54355841,-0.025259503,2
Hadley Wood,51.66840287,-0.17658119,6
Haggerston,51.53868473,-0.075595258,2
Hainault,51.60284533,0.09410855,4
Hammersmith,51.49181978,-0.222860929,2
Hammersmith (Met.),51.49348335,-0.224640157,2
Hampstead,51.5565426,-0.17801456,2
Hampstead Heath,51.55519992,-0.164566183,3
Hampton,51.41587955,-0.372135254,6
Hampton Court,51.40229388,-0.342757152,6
Hampton Wick,51.41464004,-0.31310361,6
Hanger Lane,51.53007203,-0.292996146,3
Hanwell,51.51218596,-0.338051884,4
Harlesden,51.53625833,-0.257495674,3
Harold Wood,51.59320222,0.234204073,6
Harringay,51.57735791,-0.105208253,3
Harringay Green Lanes,51.57714589,-0.098217392,3
Harrington Road,51.39979057,-0.060699955,"3,4,5,6"
Harrow and Wealdstone,51.59259463,-0.334252685,5
Harrow-on-the-Hill,51.57938812,-0.337001517,5
Hatch End,51.6098285,-0.369178781,6
Hatton Cross,51.4666853,-0.423380563,"5,6"
Haydons Road,51.42545732,-0.188929359,3
Hayes,51.37573671,0.010142652,5
Hayes and Harlington,51.50304907,-0.420641904,5
Headstone Lane,51.60249963,-0.356907514,5
Heathrow Terminal 4,51.45978043,-0.44772959,6
Heathrow Terminal 5,51.47002543,-0.490647503,6
Heathrow Terminals 1 2 3,51.4712894,-0.452407226,6
Hendon,51.58007498,-0.238630521,"3,4"
Hendon Central,51.58313305,-0.22673414,"3,4"
Herne Hill,51.45399137,-0.102562908,"2,3"
Heron Quays,51.50338657,-0.021953532,2
High Barnet,51.65168825,-0.19416538,5
High Street Kensington,51.50072945,-0.191566058,1
Highams Park,51.60835599,-0.000135286,4
Highbury and Islington,51.54649551,-0.10408214,2
Highgate,51.57764662,-0.146934862,3
Hillingdon,51.55377752,-0.449897993,6
Hither Green,51.45240172,-0.000970912,3
Holborn,51.51723574,-0.119840507,1
Holland Park,51.50714648,-0.206557778,2
Holloway Road,51.5528161,-0.112935697,2
Homerton,51.54659545,-0.038512347,2
Honor Oak Park,51.45064824,-0.044153121,3
Hornchurch,51.55435511,0.218926997,6
Hornsey,51.58647485,-0.111815638,3
Hounslow,51.46250482,-0.361796256,5
Hounslow Central,51.47092577,-0.365958129,4
Hounslow East,51.47370789,-0.355275322,4
Hounslow West,51.47310572,-0.385707629,5
Hoxton,51.53139161,-0.075585647,"1,2"
Hyde Park Corner,51.50258401,-0.152474114,1
Ickenham,51.56082505,-0.441579513,6
Ilford,51.55914224,0.068685191,4
Imperial Wharf,51.47493893,-0.182837505,2
Island Gardens,51.48795009,-0.010493303,2
Isleworth,51.47503742,-0.337328765,4
Kenley,51.32460031,-0.101219713,6
Kennington,51.48866246,-0.105070613,2
Kensal Green,51.53052421,-0.224713384,2
Kensal Rise,51.53421506,-0.220820979,2
Kensington Olympia,51.4978797,-0.210379242,2
Kent House,51.41271766,-0.045815553,4
Kentish Town,51.55000952,-0.140471264,2
Kentish Town West,51.54654797,-0.14675641,2
Kenton,51.58149628,-0.315216867,4
Kew Bridge,51.49000462,-0.288846495,3
Kew Gardens,51.47678914,-0.285381011,"3,4"
Kidbrooke,51.46269019,0.028300239,3
Kilburn,51.54694444,-0.204632719,2
Kilburn High Road,51.53726774,-0.191113106,2
Kilburn Park,51.53513554,-0.193966057,2
King George V,51.50200861,0.062206214,3
King Henry's Drive,51.3453641,-0.020264757,"3,4,5,6"
Kings Cross,51.53079819,-0.122756421,1
Kings Cross St Pancras,51.53031246,-0.12387213,1
Kingsbury,51.58487652,-0.278601608,4
Kingston,51.41264176,-0.30114104,6
Kingswood,51.29472314,-0.211233226,6
Knightsbridge,51.5013549,-0.160664486,1
Knockholt,51.34575194,0.130831039,6
Ladbroke Grove,51.51721067,-0.210198172,2
Ladywell,51.45619214,-0.019244401,3
Lambeth North,51.49912995,-0.111768261,1
Lancaster Gate,51.51189094,-0.175429929,1
Langdon Park,51.51888394,-0.015213799,2
Latimer Road,51.5139581,-0.217459666,2
Lebanon Road,51.375199,-0.084973649,"3,4,5,6"
Lee,51.44945852,0.013364692,3
Leicester Square,51.51129118,-0.128242148,1
Lewisham,51.46488071,-0.012432701,"2,3"
Leyton,51.55813227,-0.006465332,3
Leyton Midland Road,51.56936424,-0.008066347,3
Leytonstone,51.56852229,0.009140452,"3,4"
Leytonstone High Road,51.56380734,0.008254469,3
Limehouse,51.51231216,-0.039380078,2
Liverpool Street,51.51759826,-0.082249622,1
Lloyd Park,51.36427554,-0.080746273,"3,4,5,6"
London Bridge,51.50467435,-0.086005598,1
London City Airport,51.50368966,0.047872715,3
London Fields,51.54071884,-0.057699686,2
Loughborough Junction,51.4666789,-0.102497342,2
Loughton,51.64157048,0.055279079,6
Lower Sydenham,51.42484684,-0.033330342,4
Maida Vale,51.52999506,-0.185432647,2
Malden Manor,51.38460954,-0.261120416,4
Manor House,51.57074714,-0.095684976,"2,3"
Manor Park,51.55285435,0.04572387,"3,4"
Mansion House,51.51209175,-0.094197658,1
Marble Arch,51.51396549,-0.158571216,1
Maryland,51.54566827,0.005681654,3
Marylebone,51.52239667,-0.163492564,1
Maze Hill,51.48301366,0.003204897,3
Merton Park,51.41339161,-0.201342031,"3,4,5,6"
Mile End,51.52531097,-0.032666084,2
Mill Hill Broadway,51.61287113,-0.249537068,4
Mill Hill East,51.60831664,-0.209895713,4
Mitcham,51.39748861,-0.170871647,"3,4,5,6"
Mitcham Eastfields,51.40838391,-0.154001719,3
Mitcham Junction,51.39304257,-0.157436644,4
Monument,51.51063042,-0.086188314,1
Moor Park,51.62993067,-0.432913027,"6,7"
Moorgate,51.51843714,-0.089017688,1
Morden,51.40218596,-0.194851982,4
Morden Road,51.40887189,-0.192805677,"3,4,5,6"
Morden South,51.3963077,-0.200301562,4
Mornington Crescent,51.53436222,-0.13874435,2
Mortlake,51.46816794,-0.267203314,3
Motspur Park,51.39531963,-0.239439746,4
Mottingham,51.43982498,0.050324202,4
Mudchute,51.49123619,-0.014959945,2
Neasden,51.55462772,-0.250115045,3
New Addington,51.34259051,-0.017383327,"3,4,5,6"
New Barnet,51.64853677,-0.172969714,5
New Beckenham,51.41670555,-0.035304949,4
New Cross,51.47642942,-0.032278812,2
New Cross Gate,51.47526493,-0.039529052,2
New Eltham,51.43769066,0.070444618,4
New Malden,51.40355591,-0.256218106,4
New Southgate,51.61409367,-0.143009776,4
Newbury Park,51.57563836,0.090303158,4
Norbiton,51.41190935,-0.284199948,5
Norbury,51.4111885,-0.122799402,3
North Acton,51.52343243,-0.259729528,"2,3"
North Dulwich,51.45448181,-0.087918681,"2,3"
North Ealing,51.51762229,-0.288993553,3
North Greenwich,51.50025515,0.003586259,"2,3"
North Harrow,51.5846313,-0.362632993,5
North Sheen,51.46541961,-0.286397467,3
North Wembley,51.56239629,-0.303948219,4
Northfields,51.50049167,-0.315064819,3
Northolt,51.5482129,-0.368440596,5
Northolt Park,51.55761905,-0.359434196,5
Northwick Park,51.57850869,-0.318199392,4
Northwood,51.61121361,-0.423837787,6
Northwood Hills,51.60080265,-0.409311358,6
Norwood Junction,51.39695432,-0.075209857,4
Notting Hill Gate,51.50937534,-0.195921618,"1,2"
Nunhead,51.46657998,-0.053679743,2
Oakleigh Park,51.63767636,-0.166194967,4
Oakwood,51.64763796,-0.13185354,5
Ockendon,51.52198965,0.290483475,7
Old Street,51.52558147,-0.087622958,1
Orpington,51.37352005,0.089028901,6
Osterley,51.48121681,-0.352096096,4
Oval,51.4814126,-0.113321076,2
Oxford Circus,51.5152234,-0.140836171,1
Paddington,51.51539379,-0.175736752,1
Palmers Green,51.61878675,-0.1102725,4
Park Royal,51.52683402,-0.284928918,3
Parsons Green,51.47496015,-0.201124492,2
Peckham Rye,51.46951136,-0.069983553,2
Penge East,51.41997535,-0.054495265,4
Penge West,51.41806293,-0.060645765,4
Perivale,51.53634182,-0.323070422,4
Petts Wood,51.38859899,0.07448003,5
Phipps Bridge,51.40337673,-0.182296789,"3,4,5,6"
Piccadilly Circus,51.50969675,-0.133711597,1
Pimlico,51.48955286,-0.133108258,1
Pinner,51.59236168,-0.38122379,5
Plaistow,51.53128834,0.017780642,3
Plumstead,51.48979242,0.084299617,4
Ponders End,51.64273069,-0.034525105,5
Pontoon Dock,51.50221622,0.033325707,3
Poplar,51.50758807,-0.017275493,2
Preston Road,51.57210373,-0.294972013,4
Prince Regent DLR,51.50943455,0.033488574,3
Pudding Mill Lane,51.53432785,-0.012768512,"2,3"
Purfleet,51.48117301,0.236774836,7
Purley,51.33736355,-0.113613518,6
Purley Oaks,51.34698934,-0.098815333,6
Putney,51.46095253,-0.216603374,"2,3"
Putney Bridge,51.46786534,-0.209365417,2
Queens Park,51.53431265,-0.204798149,2
Queens Road Peckham,51.47428471,-0.057354979,2
Queensbury,51.59388298,-0.286331597,4
Queenstown Road,51.47495913,-0.147355312,2
Queensway,51.51044923,-0.187419903,1
Radlett,51.68541327,-0.317987634,
Rainham,51.51734052,0.190691975,6
Ravensbourne,51.41387038,-0.006937816,4
Ravenscourt Park,51.49406798,-0.235969233,2
Rayners Lane,51.57539673,-0.371060814,5
Raynes Park,51.40937535,-0.229912939,4
Rectory Road,51.55876348,-0.068385665,2
Redbridge,51.57636692,0.045394044,4
Reedham,51.33144171,-0.123402624,6
Reeves Corner,51.3752772,-0.106379778,"3,4,5,6"
Regents Park,51.52381067,-0.145344411,1
Richmond,51.46323289,-0.301739134,4
Rickmansworth,51.64032301,-0.473684584,7
Riddlesdown,51.33267483,-0.099493667,6
Roding Valley,51.61695645,0.044026207,4
Romford,51.57464159,0.183055272,6
Rotherhithe,51.5015945,-0.052966296,2
Royal Albert,51.50849387,0.045177145,3
Royal Oak,51.51829435,-0.188823674,2
Royal Victoria,51.50905524,0.017965413,3
Ruislip,51.57216192,-0.421234926,6
Ruislip Gardens,51.55996018,-0.409294111,5
Ruislip Manor,51.57345157,-0.412849354,6
Russell Square,51.52301304,-0.124590198,1
Sanderstead,51.34824625,-0.0937085,6
Sandilands,51.37502227,-0.07802659,"3,4,5,6"
Selhurst,51.39218577,-0.089899037,4
Seven Kings,51.56399335,0.096319575,4
Seven Sisters,51.58336216,-0.072466823,3
Shadwell DLR,51.51130016,-0.056919207,2
Shenfield,51.6308731,0.329952264,7
Shepherd's Bush,51.50453215,-0.218519159,2
Shepherd's Bush Market,51.50588071,-0.227400493,2
Shoreditch High Street,51.52346682,-0.077087425,1
Shortlands,51.40560237,0.002767544,4
Sidcup,51.43439846,0.103315359,5
Silver Street,51.61524248,-0.072589742,4
Slade Green,51.46774766,0.190518388,6
Sloane Square,51.49235976,-0.156488857,1
Smitham,51.32245295,-0.134347057,6
Snaresbrook,51.58089127,0.021463928,4
South Acton,51.49968583,-0.270215208,3
South Bermondsey,51.48767662,-0.054754821,2
South Croydon,51.3627502,-0.092517363,5
South Ealing,51.50164402,-0.307040245,3
South Hampstead,51.54147685,-0.1783712,2
South Harrow,51.56468017,-0.351893971,5
South Kensington,51.49407137,-0.173923023,1
South Kenton,51.57104445,-0.308142977,4
South Merton,51.40324056,-0.205550301,4
South Quay,51.50086361,-0.018460693,2
South Ruislip,51.5568903,-0.39911591,5
South Tottenham,51.58040259,-0.071855957,3
South Wimbledon,51.41536071,-0.191974546,"3,4"
South Woodford,51.59155262,0.027943078,4
Southall,51.50595691,-0.37871119,4
Southbury,51.64843373,-0.052983311,5
Southfields,51.44488331,-0.206609386,3
Southgate,51.63237585,-0.127770047,4
Southwark,51.50385362,-0.10579494,1
St Helier,51.38991216,-0.199014592,4
St James Street,51.58060866,-0.032804562,3
St Johns,51.46897529,-0.023240662,2
St Margarets,51.45520599,-0.321324248,4
St Mary Cray,51.39475941,0.1072179,6
St Pancras,51.5305544,-0.125505782,1
St. James's Park,51.49960979,-0.133878755,1
St. Johns Wood,51.53485441,-0.17406484,2
St. Pauls,51.5148353,-0.097571001,1
Stamford Brook,51.49444997,-0.24524631,2
Stamford Hill,51.5744476,-0.076668342,3
Stanmore,51.61967344,-0.303099293,5
Star Lane,51.52060425,0.004191003,3
Stepney Green,51.52199583,-0.047382523,2
Stockwell,51.47215926,-0.122846304,2
Stoke Newington,51.56463761,-0.072335395,2
Stonebridge Park,51.54398655,-0.275400442,3
Stoneleigh,51.36336405,-0.248709657,5
Stratford,51.54169258,-0.003751641,3
Stratford High Street,51.53814895,-0.001080356,3
Stratford International,51.54480853,-0.008778434,3
Strawberry Hill,51.43974783,-0.339617731,5
Streatham,51.42584586,-0.132325497,3
Streatham Common,51.41898467,-0.135726165,3
Streatham Hill,51.43846037,-0.127681481,3
Sudbury and Harrow Road,51.55449378,-0.315926242,4
Sudbury Hill,51.55733956,-0.336392115,4
Sudbury Hill Harrow,51.55834227,-0.335446693,4
Sudbury Town,51.55139744,-0.316343486,4
Sundridge Park,51.4133938,0.020365109,4
Surbiton,51.39259953,-0.30438456,6
Surrey Quays,51.49326686,-0.047529988,2
Sutton,51.35950614,-0.191302011,5
Sutton Common,51.37555469,-0.196919912,4
Swiss Cottage,51.54303485,-0.175626604,2
Sydenham,51.42734125,-0.055088671,3
Sydenham Hill,51.43257589,-0.080230208,3
Syon Lane,51.48147469,-0.326495035,4
Tadworth,51.29162786,-0.236008016,6
Tattenham Corner,51.30918131,-0.242566273,6
Teddington,51.4244975,-0.332705337,6
Temple,51.51104061,-0.11372575,1
Thames Ditton,51.38861607,-0.338292838,6
Theobalds Grove,51.69237259,-0.034748134,7
Therapia Lane,51.38568579,-0.129017107,"3,4,5,6"
Theydon Bois,51.67255208,0.102890736,6
Thornton Heath,51.39848108,-0.100433165,4
Tolworth,51.37684332,-0.279620115,5
Tooting,51.41989663,-0.161002472,3
Tooting Bec,51.43583806,-0.159700492,3
Tooting Broadway,51.42704914,-0.168684527,3
Tottenham Court Road,51.51621087,-0.131110439,1
Tottenham Hale,51.58799778,-0.060187823,3
Totteridge and Whetstone,51.63024672,-0.179354263,4
Tower Gateway,51.51039264,-0.074409877,1
Tower Hill,51.51039427,-0.076701198,1
Tufnell Park,51.5564408,-0.137742175,2
Tulse Hill,51.43979743,-0.105122509,3
Turkey Street,51.67265366,-0.047229931,6
Turnham Green,51.49518194,-0.254524568,2
Turnpike Lane,51.59035813,-0.102805041,3
Twickenham,51.45025095,-0.328860226,5
Upminster,51.55876336,0.251400801,6
Upminster Bridge,51.5577188,0.234541889,6
Upney,51.53840565,0.101531744,4
Upper Holloway,51.5636233,-0.129109364,2
Upper Warlingham,51.30877225,-0.077481662,6
Upton Park,51.5366282,0.03454184,3
Uxbridge,51.54645451,-0.47710156,6
Vauxhall,51.4857358,-0.123829953,"1,2"
Victoria,51.49642395,-0.143920706,1
Waddon,51.36737926,-0.117394077,5
Waddon Marsh,51.37708295,-0.117987465,"3,4,5,6"
Wallington,51.36033154,-0.150863835,5
Waltham Cross,51.68525726,-0.026564257,7
Walthamstow Central,51.58301811,-0.019940545,3
Walthamstow Queens Road,51.58154619,-0.023843943,3
Wandle Park,51.37340072,-0.113253321,"3,4,5,6"
Wandsworth Common,51.4463656,-0.163536981,3
Wandsworth Road,51.4702232,-0.139037676,2
Wandsworth Town,51.46103408,-0.187910038,2
Wanstead,51.57490215,0.028760472,4
Wanstead Park,51.55177808,0.026389943,3
Wapping,51.50434032,-0.055860815,2
Warren Street,51.52457999,-0.138278332,1
Warwick Avenue,51.52310444,-0.182953293,2
Waterloo,51.50314664,-0.113259252,1
Watford,51.6576051,-0.417270007,7
Watford High Street,51.6526537,-0.391696729,8
Watford Junction,51.66388301,-0.396171957,
Wellesley Road,51.37536754,-0.097524909,"3,4,5,6"
Welling,51.46477709,0.101775038,4
Wembley Central,51.55186478,-0.296392327,4
Wembley Park,51.56332246,-0.279242553,4
Wembley Stadium,51.55465457,-0.286046447,4
West Acton,51.51777015,-0.280657175,3
West Brompton,51.48732891,-0.195538812,2
West Croydon,51.37855217,-0.102034293,5
West Drayton,51.51007122,-0.472176097,6
West Dulwich,51.44091182,-0.090672676,3
West Ealing,51.51362521,-0.319782955,3
West Finchley,51.60926273,-0.18891711,4
West Ham,51.52852552,0.005317394,3
West Hampstead,51.54747433,-0.191126586,2
West Hampstead Thameslink,51.54862912,-0.19253752,2
West Harrow,51.57892424,-0.353846697,5
West India Quay,51.50676266,-0.020582447,2
West Kensington,51.49010936,-0.206203695,2
West Norwood,51.43124112,-0.103189135,3
West Ruislip,51.56958787,-0.437860146,6
West Silvertown,51.50288443,0.022246047,3
West Sutton,51.36615014,-0.204644548,5
West Wickham,51.3812842,-0.01457633,5
Westbourne Park,51.52098884,-0.200882515,2
Westcombe Park,51.4845089,0.0177457,3
Westferry,51.50963815,-0.026323137,2
Westminster,51.50140159,-0.125002079,1
White City,51.51223244,-0.224631931,2
White Hart Lane,51.60503477,-0.070870327,3
Whitechapel,51.51958779,-0.059420485,2
Whitton,51.44958819,-0.357682061,5
Whyteleafe,51.30992932,-0.081135165,6
Whyteleafe South,51.3034898,-0.076712515,6
Willesden Green,51.54937329,-0.222407604,"2,3"
Willesden Junction,51.53223396,-0.243909143,3
Wimbledon,51.42110784,-0.206662836,3
Wimbledon Chase,51.40953093,-0.21408977,3
Wimbledon Park,51.43458095,-0.199186275,3
Winchmore Hill,51.63388686,-0.100916933,4
Wood Green,51.59745373,-0.109526589,3
Wood Lane,51.50965819,-0.224472609,2
Wood Street,51.58666994,-0.001953898,4
Woodford,51.60720184,0.034056202,4
Woodgrange Park,51.54905254,0.044572496,"3,4"
Woodmansterne,51.31901858,-0.154262129,6
Woodside,51.38709768,-0.065347178,"3,4,5,6"
Woodside Park,51.6178684,-0.185425505,4
Woolwich Arsenal,51.48990712,0.069193906,4
Woolwich Dockyard,51.49110779,0.054612348,3
Worcester Park,51.38110449,-0.245575292,4